<!DOCTYPE QGLVIEWER>
<QGLViewer version="2.7.1">
  <State stereo="false">
    <foregroundColor red="180" green="180" blue="180"/>
    <backgroundColor red="51" green="51" blue="51"/>
  </State>
  <Display axisIsDrawn="false" cameraIsEdited="false" FPSIsDisplayed="false" gridIsDrawn="false"/>
  <Geometry posX="171" fullScreen="false" posY="27" height="400" width="600"/>
  <Camera>
    <Parameters Type="PERSPECTIVE" zNearCoefficient="0.005" orthoCoef="0.414214" fieldOfView="0.785398" sceneRadius="500" zClippingCoefficient="1.73205">
      <SceneCenter x="0" z="0" y="0"/>
    </Parameters>
    <Stereo IODist="0.062" physScreenWidth="0.5" focusDistance="1207.11"/>
    <ManipulatedCameraFrame>
      <position x="1.07624e+13" z="2.79353e+13" y="4.95107e+12"/>
      <orientation q3="-0.81576" q2="0.543193" q1="-0.104308" q0="0.169107"/>
      <ManipulatedParameters zoomSens="1" wheelSens="1" spinSens="0.3" rotSens="1" transSens="1"/>
      <ManipulatedCameraParameters zoomsOnPivotPoint="false" flySpeed="5" rotatesAroundUpVector="false">
        <sceneUpVector x="0" z="0" y="1"/>
      </ManipulatedCameraParameters>
    </ManipulatedCameraFrame>
  </Camera>
</QGLViewer>
