<!DOCTYPE QGLVIEWER>
<QGLViewer version="2.7.2">
  <State stereo="false">
    <foregroundColor green="180" blue="180" red="180"/>
    <backgroundColor green="51" blue="51" red="51"/>
  </State>
  <Display cameraIsEdited="false" FPSIsDisplayed="false" axisIsDrawn="false" gridIsDrawn="false"/>
  <Geometry posX="67" fullScreen="false" width="1853" posY="27" height="920"/>
  <Camera>
    <Parameters zClippingCoefficient="1.73205" orthoCoef="0.414214" Type="PERSPECTIVE" fieldOfView="0.785398" zNearCoefficient="0.005" sceneRadius="50">
      <SceneCenter x="0" z="0" y="0"/>
    </Parameters>
    <Stereo physScreenWidth="0.5" IODist="0.062" focusDistance="120.711"/>
    <ManipulatedCameraFrame>
      <position x="79.1342" z="175.404" y="187.616"/>
      <orientation q0="-0.262946" q1="-0.319793" q3="0.260668" q2="-0.872149"/>
      <ManipulatedParameters rotSens="1" transSens="1" wheelSens="1" spinSens="0.3" zoomSens="1"/>
      <ManipulatedCameraParameters flySpeed="0.5" rotatesAroundUpVector="false" zoomsOnPivotPoint="false">
        <sceneUpVector x="0" z="0" y="1"/>
      </ManipulatedCameraParameters>
    </ManipulatedCameraFrame>
  </Camera>
</QGLViewer>
