<!DOCTYPE QGLVIEWER>
<QGLViewer version="2.7.1">
  <State stereo="false">
    <foregroundColor red="180" blue="180" green="180"/>
    <backgroundColor red="51" blue="51" green="51"/>
  </State>
  <Display cameraIsEdited="false" FPSIsDisplayed="false" gridIsDrawn="false" axisIsDrawn="false"/>
  <Geometry height="920" width="1853" posX="67" posY="27" fullScreen="false"/>
  <Camera>
    <Parameters sceneRadius="500" fieldOfView="0.785398" zClippingCoefficient="1.73205" Type="PERSPECTIVE" zNearCoefficient="0.005" orthoCoef="0.414214">
      <SceneCenter z="0" x="0" y="0"/>
    </Parameters>
    <Stereo physScreenWidth="0.5" IODist="0.062" focusDistance="1207.11"/>
    <ManipulatedCameraFrame>
      <position z="198.635" x="272.914" y="134.033"/>
      <orientation q3="-0.867922" q0="-0.00459811" q1="-0.482593" q2="-0.117451"/>
      <ManipulatedParameters transSens="1" spinSens="0.3" wheelSens="1" rotSens="1" zoomSens="1"/>
      <ManipulatedCameraParameters rotatesAroundUpVector="false" zoomsOnPivotPoint="false" flySpeed="5">
        <sceneUpVector z="0" x="0" y="1"/>
      </ManipulatedCameraParameters>
    </ManipulatedCameraFrame>
  </Camera>
</QGLViewer>
